class_id,target,incomparable_indices,lower_witnesses,upper_witnesses,coefficient_w0,coefficient_w1,coefficient_w2,coefficient_w3,coefficient_w4,coefficient_w5,coefficient_w6,coefficient_w7,integer_rhs
C02,0,1 3 4 5 7,1 4,,2,-1,0,-1,-1,-1,0,-1,-1
C02,2,3 4 5 7,,5,0,0,2,-1,-1,-1,0,-1,-1
C02,4,0 1 2 3,1,,-1,-1,-1,-1,2,0,0,0,-1
C02,7,0 2 3 5 6,,6,-1,0,-1,-1,0,-1,-1,2,-1
C03,0,1 2 4 5 7,1,,2,-1,-1,0,-1,-1,0,-1,-1
C03,5,0 2 3 4 7,2,3,-1,0,-1,-1,-1,2,0,-1,-1
C03,7,0 3 5 6,,6,-1,0,0,-1,0,-1,-1,2,-1
C04,0,1 2 4 5 7,1,,2,-1,-1,0,-1,-1,0,-1,-1
C04,3,4 5 6 7,,6,0,0,0,2,-1,-1,-1,-1,-1
C04,5,0 2 3 4,2,,-1,0,-1,-1,-1,2,0,0,-1
C04,7,0 2 3 4 6,,3 6,-1,0,-1,-1,-1,0,-1,2,-1
C05,0,1 3 5 7,1,,2,-1,0,-1,0,-1,0,-1,-1
C05,5,0 2 3 4 7,3,4,-1,0,-1,-1,-1,2,0,-1,-1
C05,7,0 2 4 5 6,,6,-1,0,-1,0,-1,-1,-1,2,-1
C06,0,1 2 4 6,1,,2,-1,-1,0,-1,0,-1,0,-1
C06,5,3 6 7,,7,0,0,0,-1,0,2,-1,-1,-1
C06,6,0 2 3 4 5,2,3,-1,0,-1,-1,-1,-1,2,0,-1
C07,0,1 2 4 6,1,,2,-1,-1,0,-1,0,-1,0,-1
C07,3,4 5 6 7,,7,0,0,0,2,-1,-1,-1,-1,-1
C07,6,0 2 3 4 5,2,5,-1,0,-1,-1,-1,-1,2,0,-1
C08,0,1 2 4 6,1,,2,-1,-1,0,-1,0,-1,0,-1
C08,2,0 4 5 6,4,,-1,0,2,0,-1,-1,-1,0,-1
C08,5,2 3 6 7,,7,0,0,-1,-1,0,2,-1,-1,-1
C08,6,0 2 3 5,,3,-1,0,-1,-1,0,-1,2,0,-1
C09,0,2 3 6,2,,2,0,-1,-1,0,0,-1,0,-1
C09,4,5 6 7,,7,0,0,0,0,2,-1,-1,-1,-1
C09,6,0 1 3 4 5,3,5,-1,-1,0,-1,-1,-1,2,0,-1
C10,0,2 3 6,2,,2,0,-1,-1,0,0,-1,0,-1
C10,5,1 4 6 7,,7,0,-1,0,0,-1,2,-1,-1,-1
C10,6,0 1 3 4 5,3,4,-1,-1,0,-1,-1,-1,2,0,-1
C11,0,1 3 4 5 7,1 4,,2,-1,0,-1,-1,-1,0,-1,-1
C11,2,3 4 5 6 7,,6 7,0,0,2,-1,-1,-1,-1,-1,-1
C11,4,0 1 2 3,1,,-1,-1,-1,-1,2,0,0,0,-1
C11,7,0 2 5 6,,6,-1,0,-1,0,0,-1,-1,2,-1
C12,0,1 2 4 6,1,,2,-1,-1,0,-1,0,-1,0,-1
C12,5,3 6 7,,7,0,0,0,-1,0,2,-1,-1,-1
C12,6,0 2 3 4 5,2,3,-1,0,-1,-1,-1,-1,2,0,-1
C13,0,1 2 4 6,1,,2,-1,-1,0,-1,0,-1,0,-1
C13,3,4 5 6 7,,7,0,0,0,2,-1,-1,-1,-1,-1
C13,4,0 2 3 6,2,,-1,0,-1,-1,2,0,-1,0,-1
C13,6,0 3 4 5,,5,-1,0,0,-1,-1,-1,2,0,-1
C14,0,2 3 6,2,,2,0,-1,-1,0,0,-1,0,-1
C14,4,5 6 7,,7,0,0,0,0,2,-1,-1,-1,-1
C14,6,0 1 3 4 5,3,5,-1,-1,0,-1,-1,-1,2,0,-1
C15,0,1 3 6,1,,2,-1,0,-1,0,0,-1,0,-1
C15,4,5 6 7,,7,0,0,0,0,2,-1,-1,-1,-1
C15,6,0 2 3 4 5,3,5,-1,0,-1,-1,-1,-1,2,0,-1
C16,0,1 3 6,1,,2,-1,0,-1,0,0,-1,0,-1
C16,5,2 4 6 7,,7,0,0,-1,0,-1,2,-1,-1,-1
C16,6,0 2 3 4 5,3,4,-1,0,-1,-1,-1,-1,2,0,-1
C17,0,1 3 6,1,,2,-1,0,-1,0,0,-1,0,-1
C17,4,5 6 7,,7,0,0,0,0,2,-1,-1,-1,-1
C17,6,0 2 3 4 5,3,5,-1,0,-1,-1,-1,-1,2,0,-1
C18,0,1 2 3 4 6 7,1 2,3,2,-1,-1,-1,-1,0,-1,-1,-1
C18,1,0 2 4 7,2,,-1,2,-1,0,-1,0,0,-1,-1
C18,6,0 3 5 7,,5,-1,0,0,-1,0,-1,2,-1,-1
C18,7,0 1 3 4 5 6,4,5 6,-1,-1,0,-1,-1,-1,-1,2,-1
